"Year","meanLengthBio","meanLengthCatch","meanTLBio","meanTLCatch","meanAgeBio","meanAgeCatch","LFIbio","LFIcatch"
1995,28.5845746745675,80.369736434418,3.23075901430412,3.97939150103991,18.7722597599738,19.0572420530955,0.320857396796979,0.817935169490708
1996,28.5529773940728,80.2241283118379,3.23019574723917,3.97881378349302,18.7653863337131,19.0619227863947,0.319638376996862,0.829666136943164
1997,28.5004536952635,79.3646258245373,3.22936233325386,3.96384059758497,18.7551790193949,18.9386415974288,0.317881682116531,0.811429599467199
1998,28.4345806519877,84.5879915570565,3.22846584458014,4.01898250748516,18.7435654437601,18.8023784473643,0.315849449679839,0.822067542412644
1999,28.3809916789243,75.8370249373458,3.2277493197834,3.92235235172315,18.731330225823,18.7064289187697,0.313884626314146,0.769819086241747
2000,28.3222430980675,78.9828920275796,3.22689715953156,3.93994435052394,18.7178943293346,18.9540828512861,0.311736348585385,0.798042099440622
