"Year","Blueeyetrevalla","Bluegrenadier","Chinamanleatherjacket","CommercialPrawns","DeepseaCod","Demersalsharks","Dories","Flathead","Gemfish","Jackassmorwong","Jackmackerel","Ling","Macrobenthos","Megabenthos","Oreos","Pelagicsharks","PelLPredator","PelMInvertFeeder","PelMPredator","PelSmInvertFeeder","Rays","Redbait","Redfish","ShLInvertFeeder","ShLPredator","ShMedInvertFeeder","ShMedPredator","ShOceanPerch","ShSmInvertFeeder","ShSmPredator","SlopeLPredator","SlopeMInverFeeder","SlopeMPredator","SlopeOceanPerch","SlopeSmInvertFeeder","SlopeSmPredator","Squid","Tunabillfish","Warehous","Whiting","Total","SppAboveCVt","PropAboveCVt"
1999,32.8414300423933,6.7953048443101,6.82652229439795,9.31925265187461,6.8518242029836,6.05504873035926,7.85909115428192,4.64084016147648,12.3499467499058,7.37699036986899,9.90290522048813,9.80072905634539,17.0797565490441,28.1932439900103,6.37093457033482,24.2201584759045,7.3529199788393,1.64329011617993,8.81981408868544,12.9043255576162,5.14914566997277,5.34261711506798,6.73317722065345,3.34263103253832,5.00163352408943,5.18163665766862,33.2178435448942,7.7321554592511,10.7079833069764,6.1652171048275,6.92775761433095,5.75736530889354,5.99855986297611,6.46126099504196,6.3878814239255,6.37996624699634,5.39585012398193,38.9778580567979,9.19396488110042,10.5629628237772,4.98649143124281,37,0.925
2000,33.4033413479496,7.63767371545455,6.97467770840416,18.0638044237453,7.5153779305411,6.99407054636664,7.92943947311256,4.94459935195232,13.1335983768096,7.45340104354102,10.3456428894149,9.53930799434554,19.0566484371851,25.5773482309201,7.13989487444302,26.4104091041266,9.36809992159904,1.73918377886057,9.17066283507305,13.6087199000209,6.79841215136184,5.24080848959485,7.29958479223771,3.18736903594738,9.56388963693245,5.13839610283164,35.3542301716593,7.74970259255988,10.5641460777693,6.71716632670422,6.64961360040988,6.75415436681887,6.78589020306357,7.17050315132686,7.17041706229923,7.18564615004741,7.60757082568653,43.0476615671601,9.27823260493224,9.47246891159855,4.54669481025987,38,0.95
