"Year","Gao_density","Gao_s","Gao_H","Gao_indx","resil_H","GaoScore"
1995,20.305084233814,0.218593380832589,46.7991712762518,30.5350733032533,-4.96243826011593,"A"
1996,20.3310410690985,0.218819660889129,46.4390906561202,30.4928271384702,-4.96557939069784,"A"
1997,20.3808037203926,0.218615412534875,45.9710279299265,30.4307789559457,-4.97152975718842,"A"
1998,20.4501648945645,0.21817277416365,45.4345777759708,30.3627527709022,-4.97966662725287,"A"
1999,20.5141303056193,0.217602797761292,44.9335239100377,30.2917908217174,-4.98700847422596,"A"
2000,20.5865787713622,0.21650621545533,44.4491215151939,30.210089850931,-4.99513621602307,"A"
